"shipping_country","product_name","rn","order_count","quantity","total"
"brazil","Carl's 12 Pack POP",1,2,75,0.00
"canada","Carl's 12 Pack POP",1,2,150,0.00
"japan","Carl's 12 Pack POP",1,3,200,0.00
"newZealand","Carl's 12 Pack POP",1,1,50,0.00
"norway","Carl's 12 Pack POP",1,1,20,0.00
"singapore","Carl's 12 Pack POP",1,1,50,0.00
"unitedKingdom","Carl's 12 Pack POP",1,1,75,0.00
"unitedKingdom","Carl's 30 Rack POP Set (Base + Tower)",2,1,25,0.00
"unitedStates","Carl's 12 Pack POP",1,2,60,0.00
"unitedStates","Carl's 30 Rack POP Set (Base + Tower)",2,1,25,0.00
