"location","cseg","order_number","order_date","transaction_id","order_id","email","quantity","total","subtotal","tax","discount","shipping","handling","type","status","shipping_city","shipping_country","shipping_date"
"HQ DC : HQ DC - goodrglobal","Global","910660325","2021-08-26 00:00:00","SO0004984",43904,"paul@injinji.com.au",200,1400.00,1400.00,0.00,,,,"SalesOrder","Billed","Samford","_unitedStates","2021-08-26 00:00:00"
"HQ DC : HQ DC - goodrglobal","Global","910678985","2021-08-26 00:00:00","SO0004985",43905,"ken@bluetag.jp",300,2100.00,2100.00,0.00,,,,"SalesOrder","Pending Fulfillment","Setagaya","_japan","2021-08-26 00:00:00"
"HQ DC : HQ DC - goodrglobal","Global","910678999","2021-08-26 00:00:00","SO0004986",43906,"jeff@thebackrivergroup.com",600,4200.00,4200.00,0.00,,0.00,,"SalesOrder","Billed","Ville St.Laurent","_canada","2021-08-26 00:00:00"
"HQ DC : HQ DC - goodrglobal","Global","936890991","2021-08-26 00:00:00","SO0008183",59142,"jeff@thebackrivergroup.com",1532,18240.40,18240.40,0.00,,0.00,,"SalesOrder","Billed","Ville St.Laurent","_canada","2021-08-26 00:00:00"
"HQ DC : HQ DC - goodrglobal","Global","910282208","2021-09-13 00:00:00","SO0030453",231368,"ken@bluetag.jp",1800,12880.00,12880.00,0.00,,,,"SalesOrder","Billed","Tokyo","_japan","2021-09-13 00:00:00"
"HQ DC : HQ DC - goodrglobal","Global","943979003","2021-09-13 00:00:00","SO0030463",231369,"ken@bluetag.jp",,1185.00,1185.00,0.00,,,,"SalesOrder","Billed","Tokyo","_japan","2021-09-13 00:00:00"
"HQ DC : HQ DC - goodrglobal","Global","910660344","2021-05-05 00:00:00","SO0032869",266939,"benlee@2pure.co.uk",100,1185.00,1185.00,0.00,,,,"SalesOrder","Billed","Lothian","_unitedKingdom","2021-05-05 00:00:00"
"HQ DC : HQ DC - goodrglobal","Global","945597104","2021-10-07 00:00:00","SO0058536",575204,"post@run4.no",300,3555.00,3555.00,0.00,,,,"SalesOrder","Billed","Royken","_norway","2021-10-07 00:00:00"
"HQ DC : HQ DC - goodrglobal","Global","945611056","2021-10-07 00:00:00","SO0058548",575280,"cielo@singphil.com",1000,11850.00,11850.00,0.00,,,,"SalesOrder","Billed","Singapore","_singapore","2021-10-07 00:00:00"
"HQ DC : HQ DC - goodrglobal","Global","931688132","2021-10-21 00:00:00","SO0076698",807820,"jeff@thebackrivergroup.com",0,0.00,0.00,0.00,,0.00,,"SalesOrder","Closed","Ville St.Laurent","_canada","2021-10-21 00:00:00"
"HQ DC : HQ DC - goodrglobal","Global","936903410","2021-10-21 00:00:00","SO0076701",808026,"camila@casbrands.com.br",0,0.00,0.00,0.00,,,,"SalesOrder","Closed","Jardim Paulista SP","_brazil","2021-10-21 00:00:00"
"HQ DC : HQ DC - goodrglobal","Global","943979026","2021-10-22 00:00:00","SO0077579",822080,"benlee@2pure.co.uk",300,3470.00,3470.00,0.00,,,,"SalesOrder","Billed","Balerno","_unitedKingdom","2021-10-22 00:00:00"
"HQ DC : HQ DC - goodrglobal","Global","943966142","2021-10-22 00:00:00","SO0077727",822524,"jeff@thebackrivergroup.com",2300,17220.00,17220.00,0.00,,0.00,,"SalesOrder","Billed","STE-THERESE","_canada","2021-10-22 00:00:00"
"HQ DC : HQ DC - goodrglobal","Global","936891156","2021-10-29 00:00:00","SO0085127",933494,"worachat@rev.co.th",300,2100.00,2100.00,0.00,,,,"SalesOrder","Billed","Pathumwan","_thailand","2021-10-29 00:00:00"
"HQ DC : HQ DC - goodrglobal","Global","948174151","2021-11-08 00:00:00","SO0096452",1080911,"benlee@2pure.co.uk",,0.00,0.00,0.00,,,,"SalesOrder","Billed","Balerno","_unitedKingdom","2021-11-08 00:00:00"
"HQ DC : HQ DC - goodrglobal","Global","948185395","2021-11-08 00:00:00","SO0096490",1081131,"camila@casbrands.com.br",,0.00,0.00,0.00,,,,"SalesOrder","Pending Fulfillment","Jardim Paulista","_brazil","2021-11-08 00:00:00"
"HQ DC : HQ DC - goodrglobal","Global","945611106","2021-12-08 00:00:00","SO0145237",1600023,"jeff@thebackrivergroup.com",100,800.00,800.00,0.00,,0.00,,"SalesOrder","Pending Fulfillment","Ville St.Laurent","_canada","2021-12-08 00:00:00"
"HQ DC : HQ DC - goodrglobal","Global","910679012","2021-08-26 00:00:00","SO0004989",43909,"camila@casbrands.com.br",2500,18340.00,18340.00,0.00,,,,"SalesOrder","Closed","Chicureo, Colina","_chile","2021-08-26 00:00:00"
"HQ DC : HQ DC - goodrglobal","Global","910635183","2021-09-13 00:00:00","SO0030513",231972,"cielo@singphil.com",3200,26040.00,26040.00,0.00,,,,"SalesOrder","Billed","Singapore","_singapore","2021-09-13 00:00:00"
"HQ DC : HQ DC - goodrglobal","Global","910282232","2021-05-18 00:00:00","SO0032894",267047,"paul@injinji.com.au",2000,15400.00,15400.00,0.00,,,,"SalesOrder","Billed","Samford","_unitedStates","2021-05-18 00:00:00"
"HQ DC : HQ DC - goodrglobal","Global","936891132","2021-10-07 00:00:00","SO0058361",573149,"benlee@2pure.co.uk",200,2370.00,2370.00,0.00,,,,"SalesOrder","Billed","Dorsten","_germany","2021-10-07 00:00:00"
"HQ DC : HQ DC - goodrglobal","Global","913288686","2021-10-07 00:00:00","SO0058418",573856,"jeff@thebackrivergroup.com",3000,21000.00,21000.00,0.00,,0.00,,"SalesOrder","Billed","Ville St.Laurent","_canada","2021-10-07 00:00:00"
"HQ DC : HQ DC - goodrglobal","Global","936891143","2021-10-07 00:00:00","SO0058482",574392,"paul@injinji.com.au",400,4740.00,4740.00,0.00,,,,"SalesOrder","Billed","Samford","_unitedStates","2021-10-07 00:00:00"
"HQ DC : HQ DC - goodrglobal","Global","943979013","2021-10-07 00:00:00","SO0058485",574394,"paul@injinji.com.au",300,3555.00,3555.00,0.00,,,,"SalesOrder","Billed","Manuwera","_newZealand","2021-10-07 00:00:00"
"HQ DC : HQ DC - goodrglobal","Global","936903404","2021-10-12 00:00:00","SO0064382",643239,"ken@bluetag.jp",1600,11480.00,11480.00,0.00,,,,"SalesOrder","Pending Fulfillment","Setagaya","_japan","2021-10-12 00:00:00"
"HQ DC : HQ DC - goodrglobal","Global","931688128","2021-10-21 00:00:00","SO0076697",807819,"ken@bluetag.jp",50,490.00,490.00,0.00,,,,"SalesOrder","Billed","Setagaya","_japan","2021-10-21 00:00:00"
"HQ DC : HQ DC - goodrglobal","Global","936903407","2021-10-21 00:00:00","SO0076700",808025,"cielo@singphil.com",0,0.00,0.00,0.00,,,,"SalesOrder","Closed","Singapore","_singapore","2021-10-21 00:00:00"
"HQ DC : HQ DC - goodrglobal","Global","943979023","2021-10-22 00:00:00","SO0077414",821045,"benlee@2pure.co.uk",100,1185.00,1185.00,0.00,,,,"SalesOrder","Billed","Balerno","_unitedKingdom","2021-10-22 00:00:00"
"HQ DC : HQ DC - goodrglobal","Global","945597112","2021-10-22 00:00:00","SO0077428",821055,"benlee@2pure.co.uk",3400,26600.00,26600.00,0.00,,,,"SalesOrder","Partially Fulfilled","Balerno","_unitedKingdom","2021-10-22 00:00:00"
"HQ DC : HQ DC - goodrglobal","Global","943979029","2021-10-22 00:00:00","SO0077751",823182,"ken@bluetag.jp",100,1185.00,1185.00,0.00,,,,"SalesOrder","Billed","Setagaya","_japan","2021-10-22 00:00:00"
"HQ DC : HQ DC - goodrglobal","Global","943986486","2021-10-22 00:00:00","SO0077820",823311,"patricia@natural.gs",100,1185.00,1185.00,0.00,,,,"SalesOrder","Pending Fulfillment","Monterrey","_mexico","2021-10-22 00:00:00"
"HQ DC : HQ DC - goodrglobal","Global","943973422","2021-10-22 00:00:00","SO0077827",823317,"worachat@rev.co.th",300,2100.00,2100.00,0.00,,,,"SalesOrder","Billed","Pathumwan","_thailand","2021-10-22 00:00:00"
"HQ DC : HQ DC - goodrglobal","Global","945611081","2021-10-22 00:00:00","SO0077834",823324,"erik@runningwild.se",100,1185.00,1185.00,0.00,,,,"SalesOrder","Billed","Falun","_sweden","2021-10-22 00:00:00"
"HQ DC : HQ DC - goodrglobal","Global","943966526","2021-10-25 00:00:00","SO0080586",863967,"ken@bluetag.jp",800,6160.00,6160.00,0.00,,,,"SalesOrder","Billed","Setagaya","_japan","2021-10-25 00:00:00"
"HQ DC : HQ DC - goodrglobal","Global","929650563","2021-06-15 00:00:00","SO0090691",1021173,"cielo@singphil.com",3100,22820.00,22820.00,0.00,,,,"SalesOrder","Billed","Singapore","_singapore","2021-06-15 00:00:00"
"HQ DC : HQ DC - goodrglobal","Global","948185378","2021-11-08 00:00:00","SO0096468",1081119,"paul@injinji.com.au",,0.00,0.00,0.00,,,,"SalesOrder","Billed","Samford","_australia","2021-11-08 00:00:00"
"HQ DC : HQ DC - goodrglobal","Global","948185389","2021-11-08 00:00:00","SO0096479",1081125,"cielo@singphil.com",,0.00,0.00,0.00,,,,"SalesOrder","Billed","Singapore","_singapore","2021-11-08 00:00:00"
"HQ DC : HQ DC - goodrglobal","Global","945597224","2021-03-08 00:00:00","SO0195065",2386606,"paul@injinji.com.au",2300,26435.00,26435.00,0.00,,,,"SalesOrder","Billed","Samford","_unitedStates","2021-03-08 00:00:00"
"HQ DC : HQ DC - goodrglobal","Global","945611172","2021-05-05 00:00:00","SO0197418",2433017,"worachat@rev.co.th",200,1400.00,1400.00,0.00,,,,"SalesOrder","Billed","Pathumwan","_thailand","2021-05-05 00:00:00"
"HQ DC : HQ DC - goodrmarketing","Global","958470558","2022-03-10 00:00:00","SO0248727",3208113,"erik@runningwild.se",8,0.00,0.00,0.00,,,,"SalesOrder","Billed","New York","_unitedStates","2022-03-10 00:00:00"
"HQ DC : HQ DC - sellgoodr","Global","972791585","2022-04-15 00:00:00","SO0316921",3862823,"ken@bluetag.jp",100,1100.00,1100.00,0.00,,,,"SalesOrder","Billed","Setagaya","_japan","2022-04-15 00:00:00"
"HQ DC : HQ DC - goodrglobal","Global","948185395","2022-04-15 00:00:00","SO0316897",3862880,"camila@casbrands.com.br",25,0.00,0.00,0.00,,,,"SalesOrder","Pending Fulfillment","Jardim Paulista","_brazil","2022-04-15 00:00:00"
"HQ DC : HQ DC - goodrglobal","Global","910660321","2021-08-26 00:00:00","SO0004981",43901,"cielo@singphil.com",500,3500.00,3500.00,0.00,,,,"SalesOrder","Billed","Singapore","_singapore","2021-08-26 00:00:00"
"HQ DC : HQ DC - goodrglobal","Global","910651225","2021-08-26 00:00:00","SO0004982",43902,"cielo@singphil.com",400,2800.00,2800.00,0.00,,,,"SalesOrder","Billed","Singapore","_singapore","2021-08-26 00:00:00"
"HQ DC : HQ DC - goodrglobal","Global","910692645","2021-08-26 00:00:00","SO0004988",43908,"post@run4.no",720,9380.00,9380.00,0.00,,,,"SalesOrder","Billed","Royken","_norway","2021-08-26 00:00:00"
"HQ DC : HQ DC - goodrglobal","Global","910679036","2021-08-26 00:00:00","SO0004990",43910,"ken@bluetag.jp",1800,13160.00,13160.00,0.00,,,,"SalesOrder","Billed","Setagaya","_japan","2021-08-26 00:00:00"
"HQ DC : HQ DC - goodrglobal","Global","936903393","2021-10-07 00:00:00","SO0058320",572143,"benlee@2pure.co.uk",908,8412.00,8412.00,0.00,,,,"SalesOrder","Billed","Hjørring","_denmark","2021-10-07 00:00:00"
"HQ DC : HQ DC - goodrglobal","Global","943966125","2021-10-22 00:00:00","SO0077558",822061,"benlee@2pure.co.uk",2000,15640.00,15640.00,0.00,,,,"SalesOrder","Billed","Balerno","_unitedKingdom","2021-10-22 00:00:00"
"HQ DC : HQ DC - goodrglobal","Global","945597119","2021-10-22 00:00:00","SO0077844",823797,"cielo@singphil.com",100,1185.00,1185.00,0.00,,,,"SalesOrder","Billed","Singapore","_singapore","2021-10-22 00:00:00"
"HQ DC : HQ DC - goodrglobal","Global","945597134","2021-10-25 00:00:00","SO0080593",864371,"paul@injinji.com.au",2800,20160.00,20160.00,0.00,,,,"SalesOrder","Billed","Samford","_unitedStates","2021-10-25 00:00:00"
"HQ DC : HQ DC - goodrglobal","Global","945611094","2021-10-25 00:00:00","SO0080599",864472,"cielo@singphil.com",2100,14700.00,14700.00,0.00,,,,"SalesOrder","Billed","Singapore","_singapore","2021-10-25 00:00:00"
"HQ DC : HQ DC - goodrglobal","Global","929786845","2021-10-29 00:00:00","SO0085119",933489,"worachat@rev.co.th",200,1400.00,1400.00,0.00,,,,"SalesOrder","Billed","Pathumwan","_thailand","2021-10-29 00:00:00"
"HQ DC : HQ DC - goodrglobal","Global","948185386","2021-11-08 00:00:00","SO0096475",1081122,"jeff@thebackrivergroup.com",,0.00,0.00,0.00,,,,"SalesOrder","Billed","Ville St.Laurent","_canada","2021-11-08 00:00:00"
"HQ DC : HQ DC - goodrglobal","Global","948185392","2021-11-08 00:00:00","SO0096484",1081128,"ken@bluetag.jp",,0.00,0.00,0.00,,,,"SalesOrder","Billed","Setagaya","_japan","2021-11-08 00:00:00"
"HQ DC : HQ DC - goodrglobal","Global","948185399","2021-11-08 00:00:00","SO0096491",1081132,"worachat@rev.co.th",,0.00,0.00,0.00,,,,"SalesOrder","Billed","Pathumwan","_thailand","2021-11-08 00:00:00"
"HQ DC : HQ DC - goodrglobal","Global","945597315","2021-03-15 00:00:00","SO0197388",2432106,"worachat@rev.co.th",500,3780.00,3780.00,0.00,,,,"SalesOrder","Billed","Pathumwan","_thailand","2021-03-15 00:00:00"
"HQ DC : HQ DC - goodrglobal","Global","945597320","2021-03-15 00:00:00","SO0197431",2433221,"worachat@rev.co.th",100,980.00,980.00,0.00,,,,"SalesOrder","Pending Fulfillment","Pathumwan","_thailand","2021-03-15 00:00:00"
"HQ DC : HQ DC - goodrglobal","Global","910678976","2021-08-26 00:00:00","SO0004983",43903,"paul@injinji.com.au",300,2100.00,2100.00,0.00,,,,"SalesOrder","Closed","Samford","_unitedStates","2021-08-26 00:00:00"
"HQ DC : HQ DC - goodrglobal","Global","910692651","2021-08-26 00:00:00","SO0004991",43911,"benlee@2pure.co.uk",0,0.00,0.00,0.00,,,,"SalesOrder","Closed","Balerno","_unitedKingdom","2021-08-26 00:00:00"
"HQ DC : HQ DC - goodrglobal","Global","886647782","2021-08-28 00:00:00","SO0007035",54194,"matt.sullivan@rxd.systems",1,25.00,25.00,0.00,,,,"SalesOrder","Pending Fulfillment","Ipswich","_unitedKingdom","2021-08-30 00:00:00"
"HQ DC : HQ DC - goodrglobal","Global","943979001","2021-05-19 00:00:00","SO0030118",228613,"benlee@2pure.co.uk",500,5925.00,5925.00,0.00,,,,"SalesOrder","Closed","Dorsten","_germany","2021-05-19 00:00:00"
"HQ DC : HQ DC - goodrglobal","Global","910626272","2021-09-13 00:00:00","SO0030413",230966,"benlee@2pure.co.uk",0,0.00,0.00,0.00,,,,"SalesOrder","Closed","Lothian","_unitedKingdom","2021-09-13 00:00:00"
"HQ DC : HQ DC - goodrglobal","Global","910692657","2021-09-13 00:00:00","SO0030496",231770,"camila@casbrands.com.br",1512,12392.80,12392.80,0.00,,,,"SalesOrder","Billed","Jardim Paulista","_brazil","2021-09-13 00:00:00"
"HQ DC : HQ DC - goodrglobal","Global","932319830","2021-07-30 00:00:00","SO0032874",266942,"ken@bluetag.jp",200,2370.00,2370.00,0.00,,,,"SalesOrder","Billed","Setagaya","_japan","2021-07-30 00:00:00"
"HQ DC : HQ DC - goodrglobal","Global","936891003","2021-07-30 00:00:00","SO0032909",267050,"cielo@singphil.com",1200,13810.00,13810.00,0.00,,,,"SalesOrder","Billed","Singapore","_singapore","2021-07-30 00:00:00"
"HQ DC : HQ DC - goodrglobal","Global","936903395","2021-10-07 00:00:00","SO0058357",573146,"benlee@2pure.co.uk",204,3256.00,3256.00,0.00,,,,"SalesOrder","Billed","Dorsten","_germany","2021-10-07 00:00:00"
"HQ DC : HQ DC - goodrglobal","Global","936891136","2021-10-07 00:00:00","SO0058379",573200,"benlee@2pure.co.uk",200,2370.00,2370.00,0.00,,,,"SalesOrder","Billed","Balerno","_unitedKingdom","2021-10-07 00:00:00"
"HQ DC : HQ DC - goodrglobal","Global","936903397","2021-10-07 00:00:00","SO0058438",573718,"ken@bluetag.jp",504,4556.00,4556.00,0.00,,,,"SalesOrder","Billed","Setagaya","_japan","2021-10-07 00:00:00"
"HQ DC : HQ DC - goodrglobal","Global","936891139","2021-10-07 00:00:00","SO0058465",573729,"camila@casbrands.com.br",500,5925.00,5925.00,0.00,,,,"SalesOrder","Pending Fulfillment","Jardim Paulista SP","_brazil","2021-10-07 00:00:00"
"HQ DC : HQ DC - goodrglobal","Global","943979019","2021-10-07 00:00:00","SO0063558",635390,"patricia@natural.gs",224,5782.80,5782.80,0.00,,0.00,,"SalesOrder","Billed","Laredo","_unitedStates","2021-10-07 00:00:00"
"HQ DC : HQ DC - goodrglobal","Global","936903401","2021-10-12 00:00:00","SO0064376",643233,"camila@casbrands.com.br",1300,12740.00,12740.00,0.00,,,,"SalesOrder","Billed","Jardim Paulista SP","_brazil","2021-10-12 00:00:00"
"HQ DC : HQ DC - goodrglobal","Global","945611064","2021-10-12 00:00:00","SO0064404",643422,"cielo@singphil.com",5900,47460.00,47460.00,0.00,,,,"SalesOrder","Billed","Singapore","_singapore","2021-10-12 00:00:00"
"HQ DC : HQ DC - goodrglobal","Global","936891149","2021-10-21 00:00:00","SO0076695",808024,"benlee@2pure.co.uk",0,0.00,0.00,0.00,,,,"SalesOrder","Closed","Balerno","_unitedKingdom","2021-10-21 00:00:00"
"HQ DC : HQ DC - goodrglobal","Global","943979021","2021-10-22 00:00:00","SO0077432",820655,"benlee@2pure.co.uk",500,4740.00,4740.00,0.00,,,,"SalesOrder","Billed","Balerno","_unitedKingdom","2021-10-22 00:00:00"
"HQ DC : HQ DC - goodrglobal","Global","945611070","2021-10-22 00:00:00","SO0077643",822106,"jeff@thebackrivergroup.com",1924,25312.80,25312.80,0.00,,0.00,,"SalesOrder","Pending Fulfillment","Ville St.Laurent","_canada","2021-10-22 00:00:00"
"HQ DC : HQ DC - goodrglobal","Global","945611075","2021-10-22 00:00:00","SO0077733",822529,"jeff@thebackrivergroup.com",100,980.00,980.00,0.00,,0.00,,"SalesOrder","Billed","STE-THERESE","_canada","2021-10-22 00:00:00"
"HQ DC : HQ DC - goodrglobal","Global","945597128","2021-10-25 00:00:00","SO0080587",863968,"jeff@thebackrivergroup.com",4000,30240.00,30240.00,0.00,,0.00,,"SalesOrder","Billed","STE-THERESE","_canada","2021-10-25 00:00:00"
"HQ DC : HQ DC - goodrglobal","Global","945611090","2021-10-25 00:00:00","SO0080594",864372,"camila@casbrands.com.br",10500,79940.00,79940.00,0.00,,,,"SalesOrder","Pending Fulfillment","Jardim Paulista SP","_brazil","2021-10-25 00:00:00"
"HQ DC : HQ DC - goodrglobal","Global","945611098","2021-10-25 00:00:00","SO0080600",864473,"post@run4.no",400,2800.00,2800.00,0.00,,,,"SalesOrder","Billed","Royken","_norway","2021-10-25 00:00:00"
"HQ DC : HQ DC - goodrglobal","Global","936891160","2021-08-16 00:00:00","SO0088761",990294,"jeff@thebackrivergroup.com",1532,18240.40,18240.40,0.00,,,,"SalesOrder","Billed","Ville St.Laurent","_canada","2021-08-16 00:00:00"
"HQ DC","Global","1082755468","2023-02-08 00:00:00","SO1004950",10121410,"camila@casbrands.com.br",2500,12485.00,12485.00,0.00,,0.00,,"SalesOrder","Pending Fulfillment","SAO PAULO","_brazil","2023-02-08 00:00:00"
