"shipping_country","product_name","rn","order_count","quantity"
"australia","A Ginger's Soul",1,3,3100
"australia","Bosley's Basset Hound Dreams",2,3,2200
"australia","Beelzebub's Bourbon Burpees",3,3,1300
"australia","Back 9 Blackout",4,5,1200
"australia","I Do My Own Stunts",5,4,780
"australia","Lilac It Like That!!!",6,3,700
"australia","Mick and Keith's Midnight Ramble",7,3,700
"australia","Nine Dollar Pour Over",8,2,600
"australia","Hooked on Onyx",9,2,600
"australia","Liège of Extraordinary Cyclists",10,5,500
"australia","From Zero to Blitzed",11,3,500
"australia","Scusi, Coming Through",12,5,500
"australia","Rabbit Egg Hunt with Zombie Jesus",13,5,500
"australia","Je Vais à la Hell",14,5,500
"australia","Dawn of a New Sage",15,3,500
"australia","Cobble Wobble Goggles",16,5,500
"australia","Je Vais ÃƒÂ  la Hell",17,5,500
"australia","Iri-descent into Madness",18,5,500
"australia","LiÃƒÂ¨ge of Extraordinary Cyclists",19,5,500
"australia","Best Dystopia Ever",20,3,500
"brazil","Going To Valhalla... Witness!",1,8,2600
"brazil","Influencers Pay Double",2,6,2300
"brazil","Freshly Baked Man Buns",3,6,1800
"brazil","A Ginger's Soul",4,8,1800
"brazil","Voight-Kampff Vision",5,5,1700
"brazil","Strange Things Are Afoot at the Circle Gs",6,5,1600
"brazil","Midnight Ramble at Circle Bar",7,5,1500
"brazil","Midnight Ramble at the Circle Bar",8,5,1500
"brazil","Mick and Keith's Midnight Ramble",9,8,1500
"brazil","Nine Dollar Pour Over",10,7,1500
"brazil","Silverback Squat Mobility",11,9,1400
"brazil","I Pickled These Myself",12,5,1300
"brazil","They Were Out of Black",13,3,1300
"brazil","Phoenix at a Bloody Mary Bar",14,6,1100
"brazil","See You at the Party, Richter!",15,4,1100
"brazil","Gardening with a Kraken",16,8,1100
"brazil","Naeon Flux Capacitor",17,3,1000
"brazil","Nessy's Midnight Orgy",18,6,900
"brazil","Falkor's Fever Dream",19,8,900
"brazil","Flamingos on a Booze Cruise",20,4,900
"canada","A Ginger's Soul",1,33,25900
"canada","Whiskey Shots with Satan",2,31,18700
"canada","Bosley's Basset Hound Dreams",3,32,14700
"canada","Mick and Keith's Midnight Ramble",4,34,11600
"canada","Gardening with a Kraken",5,22,11500
"canada","Sunbathing with Wizards",6,30,11300
"canada","Going To Valhalla... Witness!",7,23,11200
"canada","Flamingos on a Booze Cruise",8,26,9700
"canada","Nine Dollar Pour Over",9,26,9300
"canada","Nessy's Midnight Orgy",10,19,9100
"canada","Vincent's Absinthe Night Terrors",11,25,8800
"canada","Iced by Yetis",12,17,8200
"canada","Falkor's Fever Dream",13,16,7000
"canada","Silverback Squat Mobility",14,24,6900
"canada","It's not Black it's Obsidian",15,25,6500
"canada","Hooked on Onyx",16,25,6400
"canada","Phoenix at a Bloody Mary Bar",17,21,6400
"canada","Midnight Ramble at Circle Bar",18,21,6000
"canada","Midnight Ramble at the Circle Bar",19,21,6000
"canada","Electric Dinotopia Carnival",20,20,5400
"chile","Ares Has, Like...No Chill",1,1,500
"chile","Hermes' Junk Mail",2,1,500
"chile","Freshly Baked Man Buns",3,1,500
"chile","Hera's Awkward Family Reunion",4,1,400
"chile","Athena Is as Athena Does",5,1,300
"chile","Apollo-gize for Nothing",6,1,200
"chile","Influencers Pay Double",7,1,200
"chile","Nessy's Midnight Orgy",8,2,200
"chile","Swedish Meatball Hangover",9,2,200
"chile","Flamingos on a Booze Cruise",10,2,200
"chile","Professional Respawner",11,1,200
"chile","Hades Gonna Hate",12,1,200
"chile","Sunbathing with Wizards",13,2,200
"chile","The Future is Void",14,1,200
"chile","I Pickled These Myself",15,2,200
"chile","A Ginger's Soul",16,1,100
"chile","Iced by Yetis",17,1,100
"chile","Captain Blunt's Red-Eye",18,1,100
"chile","Fast As Shell",19,1,100
"chile","Phoenix at a Bloody Mary Bar",20,1,100
"denmark","A Ginger's Soul",1,2,500
"denmark","Silverback Squat Mobility",2,2,300
"denmark","Mint Julep Electroshocks",3,3,300
"denmark","Ninja Kick the Damn Rabbit",4,3,300
"denmark","Bosley's Basset Hound Dreams",5,3,300
"denmark","Whiskey Shots with Satan",6,3,300
"denmark","Nine Dollar Pour Over",7,2,300
"denmark","Hooked on Onyx",8,3,300
"denmark","Midnight Ramble at the Circle Bar",9,2,200
"denmark","Mick and Keith's Midnight Ramble",10,2,200
"denmark","Back 9 Blackout",11,2,200
"denmark","Vincent's Absinthe Night Terrors",12,2,200
"denmark","Midnight Ramble at Circle Bar",13,2,200
"denmark","I Do My Own Stunts",14,2,180
"denmark","Scream If You Hate Gravity",15,2,120
"denmark","Radioactive Spectral Spectacles",16,1,100
"denmark","It's not Black it's Obsidian",17,1,100
"denmark","Freshly Baked Man Buns",18,1,100
"denmark","Swedish Meatball Hangover",19,1,100
"denmark","Professional Respawner",20,1,100
"germany","Flamites, God of Flamingos",1,3,300
"germany","Dionysus' Orgy? Everyone Came!",2,3,300
"germany","Zeus, You ARE the Father!",3,3,300
"germany","Aphrodite in the Streets & the Sheets",4,3,300
"germany","Ares Has, Like...No Chill",5,3,300
"germany","Hades Gonna Hate",6,3,300
"germany","Poseidon's New Wave Movement",7,2,200
"germany","Athena Is as Athena Does",8,2,200
"germany","Falkor's Fever Dream",9,2,200
"germany","Demeter's Farm to Table Feast",10,2,200
"germany","Hermes' Junk Mail",11,2,200
"germany","Get On My Level",12,1,200
"germany","Apollo-gize for Nothing",13,2,200
"germany","Clubhouse Closeout",14,2,200
"germany","Suck on This",15,1,200
"germany","Hera's Awkward Family Reunion",16,2,200
"germany","Let's Make Pour Choices",17,1,200
"germany","Tales from the Greenkeeper",18,2,200
"germany","Operation: Blackout",19,2,200
"germany","What Budget?",20,1,200
"hongKong","Whiskey Shots with Satan",1,1,500
"hongKong","Vincent's Absinthe Night Terrors",2,2,200
"hongKong","A Ginger's Soul",3,2,200
"hongKong","Radioactive Spectral Spectacles",4,1,100
"hongKong","It's not Black it's Obsidian",5,1,100
"hongKong","Falkor's Fever Dream",6,1,100
"hongKong","Phoenix at a Bloody Mary Bar",7,1,100
"hongKong","Antarctica 2021",8,1,100
"hongKong","Drop It Like a Squat",9,1,100
"hongKong","Iced by Yetis",10,1,100
"hongKong","Nine Dollar Pour Over",11,1,100
"hongKong","Nessy's Midnight Orgy",12,1,100
"hongKong","Flamingos on a Booze Cruise",13,1,100
"hongKong","Gobble Gobble Gobble Goggles",14,1,100
"hongKong","Gym and Tonic",15,1,100
"hongKong","Silverback Squat Mobility",16,1,100
"hongKong","New York 2021",17,1,100
"hongKong","Whoop Ass Can Opener",18,1,100
"hongKong","Mick and Keith's Midnight Ramble",19,1,100
"hongKong","Santa Isn't Real",20,1,100
"japan","Going To Valhalla... Witness!",1,16,5300
"japan","A Ginger's Soul",2,14,5100
"japan","Nine Dollar Pour Over",3,18,4300
"japan","Vincent's Absinthe Night Terrors",4,15,4300
"japan","Whiskey Shots with Satan",5,15,3800
"japan","Mick and Keith's Midnight Ramble",6,14,3600
"japan","Midnight Ramble at the Circle Bar",7,16,3500
"japan","Midnight Ramble at Circle Bar",8,16,3500
"japan","Bosley's Basset Hound Dreams",9,15,3000
"japan","It's not Black it's Obsidian",10,14,2500
"japan","Silverback Squat Mobility",11,10,1800
"japan","Back 9 Blackout",12,13,1600
"japan","Modern Day Snake Oil",13,8,1500
"japan","Insert Coin to Continue",14,6,1500
"japan","Beelzebub's Bourbon Burpees",15,10,1400
"japan","Get On My Level",16,6,1300
"japan","Hooked on Onyx",17,9,1300
"japan","They Were Out of Black",18,9,1200
"japan","I Have These on Vinyl, Too",19,9,1200
"japan","Iced by Yetis",20,8,1100
"mexico","Thanks, it's a Rental",1,1,200
"mexico","Hera's Awkward Family Reunion",2,1,200
"mexico","Athena Is as Athena Does",3,1,200
"mexico","Apollo-gize for Nothing",4,1,200
"mexico","A Ginger's Soul",5,1,200
"mexico","Whiskey Shots with Satan",6,1,100
"mexico","Boston 2022",7,1,100
"mexico","Ares Has, Like...No Chill",8,1,100
"mexico","Zeus, You ARE the Father!",9,1,100
"mexico","Midnight Ramble at Circle Bar",10,1,100
"mexico","Phoenix at a Bloody Mary Bar",11,1,100
"mexico","Sunbathing with Wizards",12,1,100
"mexico","Dionysus' Orgy? Everyone Came!",13,1,100
"mexico","It's not Black it's Obsidian",14,1,100
"mexico","Midnight Ramble at the Circle Bar",15,1,100
"mexico","Hermes' Junk Mail",16,1,100
"mexico","Professional Respawner",17,1,100
"mexico","Hades Gonna Hate",18,1,100
"mexico","Clubhouse Closeout",19,1,100
"mexico","Going To Valhalla... Witness!",20,1,100
"netherlands","Silverback Squat Mobility",1,5,500
"netherlands","A Ginger's Soul",2,3,400
"netherlands","Mick and Keith's Midnight Ramble",3,4,400
"netherlands","Nine Dollar Pour Over",4,4,400
"netherlands","Bosley's Basset Hound Dreams",5,4,400
"netherlands","Whiskey Shots with Satan",6,3,300
"netherlands","Flamingos on a Booze Cruise",7,2,200
"netherlands","Iced by Yetis",8,2,200
"netherlands","Nessy's Midnight Orgy",9,2,200
"netherlands","It's not Black it's Obsidian",10,2,200
"netherlands","Sunbathing with Wizards",11,2,200
"netherlands","Electric Dinotopia Carnival",12,2,200
"netherlands","Shrimpin' Ain't Easy",13,1,100
"netherlands","Back 9 Blackout",14,1,100
"netherlands","Get On My Level",15,1,100
"netherlands","Professional Respawner",16,1,100
"netherlands","Going To Valhalla... Witness!",17,1,100
"netherlands","Vincent's Absinthe Night Terrors",18,1,100
"netherlands","Midnight Ramble at Circle Bar",19,1,100
"netherlands","Phoenix at a Bloody Mary Bar",20,1,100
"newZealand","A Ginger's Soul",1,2,600
"newZealand","Hooked on Onyx",2,3,400
"newZealand","Mick and Keith's Midnight Ramble",3,1,300
"newZealand","I Do My Own Stunts",4,2,300
"newZealand","Bosley's Basset Hound Dreams",5,1,300
"newZealand","Vincent's Absinthe Night Terrors",6,1,300
"newZealand","Going To Valhalla... Witness!",7,1,300
"newZealand","Whiskey Shots with Satan",8,1,300
"newZealand","Nine Dollar Pour Over",9,2,300
"newZealand","Athena Is as Athena Does",10,1,200
"newZealand","Falkor's Fever Dream",11,1,200
"newZealand","Iced by Yetis",12,1,200
"newZealand","Smaller Is Baller",13,1,200
"newZealand","Nessy's Midnight Orgy",14,1,200
"newZealand","It's not Black it's Obsidian",15,1,200
"newZealand","Flamingos on a Booze Cruise",16,1,200
"newZealand","Phoenix at a Bloody Mary Bar",17,2,200
"newZealand","Hera's Awkward Family Reunion",18,1,200
"newZealand","Get On My Level",19,1,200
"newZealand","Professional Respawner",20,1,200
"norway","Mick and Keith's Midnight Ramble",1,3,400
"norway","Middle Seat Advantage",2,3,300
"norway","Shrimpin' Ain't Easy",3,3,300
"norway","Au Revoir, Gopher",4,3,300
"norway","Get On My Level",5,3,300
"norway","Freshly Baked Man Buns",6,2,300
"norway","The Future is Void",7,3,300
"norway","Whiskey Shots with Satan",8,2,300
"norway","I Do My Own Stunts",9,2,240
"norway","Nessy's Midnight Orgy",10,2,200
"norway","A Ginger's Soul",11,2,200
"norway","Midnight Ramble at the Circle Bar",12,1,200
"norway","Back 9 Blackout",13,2,200
"norway","Falkor's Fever Dream",14,2,200
"norway","Amelia Earhart Ghosted Me",15,2,200
"norway","Call Me Tarmac Daddy",16,2,200
"norway","Naeon Flux Capacitor",17,2,200
"norway","Smaller Is Baller",18,2,200
"norway","Vincent's Absinthe Night Terrors",19,2,200
"norway","Grip it and Sip it",20,2,200
"singapore","A Ginger's Soul",1,15,4000
"singapore","Going To Valhalla... Witness!",2,16,3700
"singapore","Mick and Keith's Midnight Ramble",3,14,2700
"singapore","Vincent's Absinthe Night Terrors",4,15,2600
"singapore","Whiskey Shots with Satan",5,10,2400
"singapore","Silverback Squat Mobility",6,11,2000
"singapore","Hooked on Onyx",7,9,1600
"singapore","It's not Black it's Obsidian",8,9,1600
"singapore","Back 9 Blackout",9,10,1600
"singapore","Voight-Kampff Vision",10,5,1600
"singapore","Operation: Blackout",11,8,1500
"singapore","They Were Out of Black",12,6,1400
"singapore","Sunbathing with Wizards",13,12,1300
"singapore","Nine Dollar Pour Over",14,8,1300
"singapore","Bosley's Basset Hound Dreams",15,8,1200
"singapore","I Do My Own Stunts",16,7,1200
"singapore","Get On My Level",17,4,1100
"singapore","The Future is Void",18,5,1100
"singapore","Add the Chrome Package",19,5,1100
"singapore","Iced by Yetis",20,10,1000
"sweden","Whiskey Shots with Satan",1,2,600
"sweden","A Ginger's Soul",2,2,300
"sweden","Mick and Keith's Midnight Ramble",3,2,300
"sweden","Vincent's Absinthe Night Terrors",4,1,200
"sweden","Donkey Goggles",5,2,200
"sweden","I Do My Own Stunts",6,2,160
"sweden","I Have These on Vinyl, Too",7,1,100
"sweden","Au Revoir, Gopher",8,1,100
"sweden","Fade-er-ade Shades",9,1,100
"sweden","Freshly Baked Man Buns",10,1,100
"sweden","Beelzebub's Bourbon Burpees",11,1,100
"sweden","Professional Respawner",12,1,100
"sweden","Going To Valhalla... Witness!",13,1,100
"sweden","Electric Dinotopia Carnival",14,1,100
"sweden","Insert Coin to Continue",15,1,100
"sweden","Bodhi's Ultimate Ride",16,1,100
"sweden","Modern Day Snake Oil",17,1,100
"sweden","Radioactive Spectral Spectacles",18,1,100
"sweden","Midnight Ramble at Circle Bar",19,1,100
"sweden","Midnight Ramble at the Circle Bar",20,1,100
"thailand","A Ginger's Soul",1,6,1000
"thailand","Nine Dollar Pour Over",2,5,900
"thailand","Ninja Kick the Damn Rabbit",3,4,700
"thailand","Whiskey Shots with Satan",4,6,700
"thailand","Mick and Keith's Midnight Ramble",5,6,700
"thailand","Beelzebub's Bourbon Burpees",6,4,700
"thailand","Hooked on Onyx",7,6,600
"thailand","The Future is Void",8,5,600
"thailand","Voight-Kampff Vision",9,5,600
"thailand","I Have These on Vinyl, Too",10,3,600
"thailand","Vincent's Absinthe Night Terrors",11,4,600
"thailand","Iced by Yetis",12,4,600
"thailand","Midnight Ramble at Circle Bar",13,3,500
"thailand","Midnight Ramble at the Circle Bar",14,3,500
"thailand","Just Knock It On!",15,4,500
"thailand","Bosley's Basset Hound Dreams",16,3,500
"thailand","Going To Valhalla... Witness!",17,5,400
"thailand","Silverback Squat Mobility",18,5,400
"thailand","Professional Respawner",19,3,300
"thailand","That Orange Crush Rush",20,2,300
"unitedKingdom","Whiskey Shots with Satan",1,23,8200
"unitedKingdom","Bosley's Basset Hound Dreams",2,19,7000
"unitedKingdom","A Ginger's Soul",3,20,6900
"unitedKingdom","Going To Valhalla... Witness!",4,20,5300
"unitedKingdom","Flamingos on a Booze Cruise",5,18,5300
"unitedKingdom","Gardening with a Kraken",6,16,4900
"unitedKingdom","Mick and Keith's Midnight Ramble",7,20,4900
"unitedKingdom","Sunbathing with Wizards",8,17,4800
"unitedKingdom","Nessy's Midnight Orgy",9,18,3800
"unitedKingdom","Donkey Goggles",10,18,3600
"unitedKingdom","Vincent's Absinthe Night Terrors",11,20,3500
"unitedKingdom","Iced by Yetis",12,19,3500
"unitedKingdom","Falkor's Fever Dream",13,16,2900
"unitedKingdom","Nine Dollar Pour Over",14,19,2600
"unitedKingdom","Midnight Ramble at Circle Bar",15,13,1800
"unitedKingdom","Phoenix at a Bloody Mary Bar",16,11,1800
"unitedKingdom","Midnight Ramble at the Circle Bar",17,13,1800
"unitedKingdom","Back 9 Blackout",18,11,1700
"unitedKingdom","Swedish Meatball Hangover",19,9,1500
"unitedKingdom","Influencers Pay Double",20,11,1400
"unitedStates","A Ginger's Soul",1,12,4200
"unitedStates","Bosley's Basset Hound Dreams",2,11,3300
"unitedStates","Nine Dollar Pour Over",3,10,2500
"unitedStates","Going To Valhalla... Witness!",4,8,2300
"unitedStates","Add the Chrome Package",5,8,2050
"unitedStates","They Were Out of Black",6,9,2000
"unitedStates","Whiskey Shots with Satan",7,6,1800
"unitedStates","Hooked on Onyx",8,10,1800
"unitedStates","Mick and Keith's Midnight Ramble",9,8,1700
"unitedStates","Gardening with a Kraken",10,8,1600
"unitedStates","It's not Black it's Obsidian",11,8,1500
"unitedStates","Back 9 Blackout",12,7,1500
"unitedStates","Beelzebub's Bourbon Burpees",13,8,1400
"unitedStates","Vincent's Absinthe Night Terrors",14,7,1300
"unitedStates","Nessy's Midnight Orgy",15,6,1200
"unitedStates","Flamingos on a Booze Cruise",16,7,1200
"unitedStates","Amelia Earhart Ghosted Me",17,6,1200
"unitedStates","Donkey Goggles",18,10,1200
"unitedStates","Sunbathing with Wizards",19,6,1200
"unitedStates","Falkor's Fever Dream",20,7,1200
,"Silverback Squat Mobility",1,1,0
,"12 Unit / 5 Color Blue Mirage Refresh Pre-Pack",2,1,0
,"Whiskey Shots with Satan",3,1,0
,"Going To Valhalla... Witness!",4,1,0
,"Vincent's Absinthe Night Terrors",5,1,0
,"Freshly Baked Man Buns",6,1,0
,"Gardening with a Kraken",7,1,0
,"24 Unit / 6 Color The Six Pre-Pack",8,1,0
,"I'm Wearing Burgundy?",9,1,0
,"Electric Dinotopia Carnival",10,1,0
,"It's not Black it's Obsidian",11,1,0
,"Influencers Pay Double",12,1,0
,"Mick and Keith's Midnight Ramble",13,1,0
,"24 Unit / 6 Color Uni-Color Pre-Pack",14,1,0
,"Nine Dollar Pour Over",15,1,0
