"customer_name","customer_id"
"CUST1062 Marathon Sports, LLC",2115
"CUST14 Fleet Feet Distribution Center",476
"CUST1457 Scheels Fargo",2510
"CUST16 Duluth Trading Co.",478
"CUST17 Glik's",479
"CUST1891 RXD TEST CUSTOMER",2985
"CUST22035 Fleet feet",47396
"CUST28341 Zappos.com, LLC",73200
"CUST3 Backcountry",465
"CUST4 ASICS",466
"CUST43156 FANATICS",136600
"CUST5 REI",467
"CUST5359 Public Lands",8147
"CUST5386 Von Maur",8169
"CUST586235 Specialized Miami Wynwood",2508319
"CUST590011 TJX Companies",2536204
"CUST696827 Gliks",3363588
"CUST7035 Road Runner Sports",12489
"CUST813319 Dicks Sporting Goods",3932839
