"num","transaction_id","channel","customer_name","type","converted_timestamp","status","total_quantity","total_revenue","total_margin"
"PB-1011138573","SO0964783","Key Account","CUST4 ASICS","SalesOrder","2023-01-10 00:00:00","Pending Fulfillment",400,3983.00000000000000000000,2535.00000000000000000000
"PB-1011138574","SO0964787","Key Account","CUST4 ASICS","SalesOrder","2023-01-10 00:00:00","Pending Fulfillment",400,3983.00000000000000000000,2451.00000000000000000000
"PB-1011138575","SO0964789","Key Account","CUST4 ASICS","SalesOrder","2023-01-10 00:00:00","Pending Fulfillment",400,3983.00000000000000000000,2119.00000000000000000000
"PB-1011138576","SO0964793","Key Account","CUST4 ASICS","SalesOrder","2023-01-10 00:00:00","Pending Fulfillment",400,4777.50000000000000000000,3013.50000000000000000000
"PB-1011138577","SO0964797","Key Account","CUST4 ASICS","SalesOrder","2023-01-10 00:00:00","Pending Fulfillment",300,3583.12000000000000000000,2272.12000000000000000000
"PB-1011138578","SO0964798","Key Account","CUST4 ASICS","SalesOrder","2023-01-10 00:00:00","Pending Fulfillment",400,3983.00000000000000000000,2571.00000000000000000000
"PB-1011138579","SO0964804","Key Account","CUST4 ASICS","SalesOrder","2023-01-10 00:00:00","Pending Fulfillment",400,4777.50000000000000000000,3021.50000000000000000000
"PB-1011138600","SO0964808","Key Account","CUST4 ASICS","SalesOrder","2023-01-10 00:00:00","Pending Fulfillment",400,4777.50000000000000000000,3009.50000000000000000000
"PB-1011138601","SO0964809","Key Account","CUST4 ASICS","SalesOrder","2023-01-10 00:00:00","Pending Fulfillment",600,7166.25000000000000000000,4544.25000000000000000000
"PB-1011138602","SO0964813","Key Account","CUST4 ASICS","SalesOrder","2023-01-10 00:00:00","Pending Fulfillment",500,5971.87000000000000000000,3976.87000000000000000000
"PB-1011138603","SO0964815","Key Account","CUST4 ASICS","SalesOrder","2023-01-10 00:00:00","Pending Fulfillment",300,4181.62000000000000000000,2714.62000000000000000000
"PB-1011138604","SO0964816","Key Account","CUST4 ASICS","SalesOrder","2023-01-10 00:00:00","Pending Fulfillment",400,3983.00000000000000000000,2351.00000000000000000000
"PB-230201WAR-GOODRAC-F","SO0788332","Key Account","CUST14 Fleet Feet Distribution Center","SalesOrder","2022-10-05 00:00:00","Closed",5100,51187.50000000000005850000,27637.50000000000005850000
"PB-230501WAR-GOODRAC-F","SO0820795","Key Account","CUST14 Fleet Feet Distribution Center","SalesOrder","2022-10-27 00:00:00","Billed",3600,39375.00000000000002250000,25116.00000000000002250000
"PB-230601WAR-GOODRAC-F","SO0909744","Key Account","CUST14 Fleet Feet Distribution Center","SalesOrder","2022-12-06 00:00:00","Billed",4500,55781.25000000000007968750,36047.25000000000007968750
"PB-230701WAR-GOODRAC-F","SO0959866","Key Account","CUST14 Fleet Feet Distribution Center","SalesOrder","2023-01-06 00:00:00","Pending Fulfillment",3000,39375.00000000000002812500,25233.00000000000002812500
"PB-230801WAR-GOODRAC-F","SO1003268","Key Account","CUST14 Fleet Feet Distribution Center","SalesOrder","2023-02-07 00:00:00","Pending Fulfillment",3000,32812.50000000000000000000,21094.50000000000000000000
"PB-230901WAR-GOODRAC-F","SO1062606","Key Account","CUST14 Fleet Feet Distribution Center","SalesOrder","2023-03-08 00:00:00","Pending Fulfillment",2100,26906.25000000000002306250,17090.25000000000002306250
"PB-73979","SO0785180","Key Account","CUST17 Glik's","SalesOrder","2022-10-03 00:00:00","Closed",3300,36750.00000000000002625000,22401.00000000000002625000
"PB-73981","SO0785430","Key Account","CUST17 Glik's","SalesOrder","2022-10-03 00:00:00","Billed",300,3281.25000000000000000000,2150.25000000000000000000
"PB-74322","SO0925125","Key Account","CUST17 Glik's","SalesOrder","2022-12-13 00:00:00","Billed",1800,21000.00000000000000000000,13647.00000000000000000000
"PB-ST60465/CH","SO0958327","Key Account","CUST1457 Scheels Fargo","SalesOrder","2023-01-04 00:00:00","Pending Fulfillment",1200,14400.00000000000000000000,9238.00000000000000000000
"PB-ST60465/CS","SO0958315","Key Account","CUST1457 Scheels Fargo","SalesOrder","2023-01-04 00:00:00","Pending Fulfillment",700,7875.00000000000000087500,5144.00000000000000087500
"PB-ST60465/JO","SO0958307","Key Account","CUST1457 Scheels Fargo","SalesOrder","2023-01-04 00:00:00","Pending Fulfillment",700,7875.00000000000000087500,5144.00000000000000087500
"PB-ST60465/LI","SO0958304","Key Account","CUST1457 Scheels Fargo","SalesOrder","2023-01-04 00:00:00","Pending Fulfillment",800,9000.00000000000000000000,5907.00000000000000000000
"PB-ST60465/OP","SO0958295","Key Account","CUST1457 Scheels Fargo","SalesOrder","2023-01-04 00:00:00","Pending Fulfillment",1200,14400.00000000000000000000,9307.00000000000000000000
"PB-ST60465/TC","SO0958290","Key Account","CUST1457 Scheels Fargo","SalesOrder","2023-01-04 00:00:00","Pending Fulfillment",1300,15525.00000000000001725000,10001.00000000000001725000
"PB-ST60465/WI","SO0958317","Key Account","CUST1457 Scheels Fargo","SalesOrder","2023-01-04 00:00:00","Pending Fulfillment",700,7656.25000000000000109375,4925.25000000000000109375
"PB-ST60822/CS","SO0997201","Key Account","CUST1457 Scheels Fargo","SalesOrder","2023-02-03 00:00:00","Pending Fulfillment",700,8775.00000000000000097500,5849.00000000000000097500
"PB-ST60822/EN","SO0997210","Key Account","CUST1457 Scheels Fargo","SalesOrder","2023-02-03 00:00:00","Pending Fulfillment",800,10350.00000000000000575000,6884.00000000000000575000
"PB-ST60822/JO","SO0997171","Key Account","CUST1457 Scheels Fargo","SalesOrder","2023-02-03 00:00:00","Pending Fulfillment",500,6975.00000000000000232500,4713.00000000000000232500
"PB-ST60822/OP","SO0997133","Key Account","CUST1457 Scheels Fargo","SalesOrder","2023-02-03 00:00:00","Pending Fulfillment",400,4500.00000000000000000000,2859.00000000000000000000
"PB-ST60822/TC","SO0997124","Key Account","CUST1457 Scheels Fargo","SalesOrder","2023-02-03 00:00:00","Pending Fulfillment",600,7200.00000000000000000000,4628.00000000000000000000
"SG-POP-RR-CAMPBELL","SO0153927","Key Account","CUST7035 Road Runner Sports","SalesOrder","2021-12-13 00:00:00","Billed",2,0E-20,-204.79000000000000000000
